{
	"summary": {
		"successRate": 1.0,
		"total": 78.1314604,
		"slowest": 0.257492,
		"fastest": 0.0001208,
		"average": 0.0052043722144002,
		"requestsPerSec": 19198.412423377664,
		"totalData": 55500000,
		"sizePerRequest": 37.0,
		"sizePerSec": 710341.2596649736
	},
	"responseTimeHistogram": {
		"0.0001208": 1,
		"0.025857920000000003": 1494546,
		"0.05159504": 5317,
		"0.07733216000000001": 36,
		"0.10306928000000001": 16,
		"0.12880640000000002": 9,
		"0.15454352000000002": 11,
		"0.18028064000000002": 12,
		"0.20601776000000002": 2,
		"0.23175488000000002": 0,
		"0.257492": 50
	},
	"latencyPercentiles": {
		"p10": 0.00104,
		"p25": 0.0020737,
		"p50": 0.0039013,
		"p75": 0.0068878,
		"p90": 0.0110591,
		"p95": 0.0142259,
		"p99": 0.0210119
	},
	"rps": {
		"mean": 19264.313538403116,
		"stddev": 5133.837293968716,
		"max": 37082.567129606156,
		"percentiles": {
			"p10": 12925.722187152516,
			"p25": 15997.746229470813,
			"p50": 19333.44686306944,
			"p75": 22630.80605902263,
			"p90": 25818.08495381289,
			"p95": 27608.83482714553,
			"p99": 30803.69644357878
		}
	},
	"details": {
		"DNSDialup": {
			"average": 0.0036942739999999996,
			"fastest": 0.0007502,
			"slowest": 0.0085582
		},
		"DNSLookup": {
			"average": 0.000028141999999999992,
			"fastest": 6.3e-6,
			"slowest": 0.0004095
		}
	},
	"statusCodeDistribution": {
		"200": 1500000
	},
	"errorDistribution": {}
}
